"","OriginalChemName","Result","MDL","RDL","SampleCode","ChemCode","Prefix","Result_Unit","Total_or_Filtered","Result_Type","Method_Type","Method_Name","Extraction_Date","Anaysed_Date","Lab_Analysis_ID","Lab_Preperation_Batch_ID","Lab_Analysis_Batch_ID","EQL","ODL","Detection_Limit_Units","Lab_Comments","Lab_Qualifier","UCL","LCL","Dilution_Factor","Spike_Concentration","Spike_Measurement","Spike_Units"
"1","Anatoxin-a",NA,0.01,0.05,"L83834_L83834-1","64285-06-9","","ug/L","","REG","","modified KCEL SOP4070","7/8/2024 14:40","7/10/2024 10:30","L83834-1","","",0.05,"","ug/L","","<MDL","","",1,"","",""
"2","Anatoxin-a",NA,0.01,0.05,"L83834_L83834-2","64285-06-9","","ug/L","","REG","","modified KCEL SOP4070","7/8/2024 14:40","7/10/2024 10:30","L83834-2","","",0.05,"","ug/L","","<MDL","","",1,"","",""
"3","Microcystin",2.73,0.3,0.6,"L83834_L83834-1","101043-37-2","","ug/L","","REG","","ABRAXIS ADDA","7/8/2024 14:40","7/9/2024 13:37","L83834-1","","",0.6,"","ug/L","","","","",1,"","",""
"4","Microcystin",8.82,0.3,0.6,"L83834_L83834-2","101043-37-2","","ug/L","","REG","","ABRAXIS ADDA","7/8/2024 14:40","7/9/2024 13:37","L83834-2","","",0.6,"","ug/L","","","","",1,"","",""
