<?xml version="1.0"?>
<ESdat schemaVersion="1.0.1" fileType="eLabReport" generated="2013-05-09T10:20:17+10:00" xmlns="http://www.escis.com.au/2013/XML">
  <LabReport Lab_Signatory="Meghan Elkey" Lab_Name="KCEL" Project_Number="24-08319-000" Project_ID="24-08319-000" Date_Reported="2024-06-17" Lab_Report_Number="L83831">
    <Associated_Files xmlns="http://www.escis.com.au/2013/XML/LabReport">
      <File File_Type="ESdat_Sample_CSV" File_Name="24-08319-000.L83831.ESdatSample.csv"/>
      <File File_Type="ESdat_Chemistry_CSV" File_Name="24-08319-000.L83831.ESdatChemistry.csv"/>
    </Associated_Files>
    <Copies_Sent_To xmlns="http://www.escis.com.au/2013/XML/LabReport"/>
    <eCoCs xmlns="http://www.escis.com.au/2013/XML/LabReport">
      <eCoC CoC_Number="L83831">
        <Lab_Requests>
          <Lab_Request Version="1" Number="1"/>
        </Lab_Requests>
      </eCoC>
    </eCoCs>
  </LabReport>
</ESdat>
