"","OriginalChemName","Result","MDL","RDL","SampleCode","ChemCode","Prefix","Result_Unit","Total_or_Filtered","Result_Type","Method_Type","Method_Name","Extraction_Date","Anaysed_Date","Lab_Analysis_ID","Lab_Preperation_Batch_ID","Lab_Analysis_Batch_ID","EQL","ODL","Detection_Limit_Units","Lab_Comments","Lab_Qualifier","UCL","LCL","Dilution_Factor","Spike_Concentration","Spike_Measurement","Spike_Units"
"1","Anatoxin-a",NA,0.01,0.05,"L83832_L83832-1","64285-06-9","","ug/L","","REG","","modified KCEL SOP4070","6/24/2024 14:50","6/26/2024 14:45","L83832-1","","",0.05,"","ug/L","","<MDL","","",1,"","",""
"2","Anatoxin-a",NA,0.01,0.05,"L83832_L83832-2","64285-06-9","","ug/L","","REG","","modified KCEL SOP4070","6/24/2024 14:50","6/26/2024 14:45","L83832-2","","",0.05,"","ug/L","","<MDL","","",1,"","",""
"3","Microcystin",2.09,0.3,0.6,"L83832_L83832-1","101043-37-2","","ug/L","","REG","","ABRAXIS ADDA","6/25/2024 16:15","6/27/2024 13:43","L83832-1","","",0.6,"","ug/L","","","","",1,"","",""
"4","Microcystin",5.98,0.3,0.6,"L83832_L83832-2","101043-37-2","","ug/L","","REG","","ABRAXIS ADDA","6/25/2024 16:15","6/27/2024 13:43","L83832-2","","",0.6,"","ug/L","","","","",1,"","",""
