"","OriginalChemName","Result","MDL","RDL","SampleCode","ChemCode","Prefix","Result_Unit","Total_or_Filtered","Result_Type","Method_Type","Method_Name","Extraction_Date","Anaysed_Date","Lab_Analysis_ID","Lab_Preperation_Batch_ID","Lab_Analysis_Batch_ID","EQL","ODL","Detection_Limit_Units","Lab_Comments","Lab_Qualifier","UCL","LCL","Dilution_Factor","Spike_Concentration","Spike_Measurement","Spike_Units"
"1","Chlorophyll a",16.4,0.56,2.22,"L83821_L83821-1","42617-16-3","","ug/L","","REG","","EPA446.0","5/21/2024 13:40","6/10/2024 12:58","L83821-1","","",2.22,"","ug/L","","","","",1.11,"","",""
"2","Pheophytin a",1.8,1.6,7.77,"L83821_L83821-1","603-17-8","","ug/L","","REG","","EPA446.0","5/21/2024 13:40","6/10/2024 12:58","L83821-1","","",7.77,"","ug/L","","<RDL","","",1.11,"","",""
"3","Sample Depth",0.5,NA,NA,"L83821_L83821-1",NA,"","m","","REG","","NONE","","","L83821-1","","",NA,"","m","","","","",1,"","",""
"4","Sample Depth",4.3,NA,NA,"L83821_L83821-2",NA,"","m","","REG","","NONE","","","L83821-2","","",NA,"","m","","","","",1,"","",""
"5","Total Phosphorus",0.0753,0.005,0.02,"L83821_L83821-1","7723-14-0","","mg/L","","REG","","SM4500-P-B,F","5/22/2024 11:17","6/10/2024 12:55","L83821-1","","",0.02,"","mg/L","","","","",1,"","",""
"6","Total Phosphorus",0.113,0.005,0.02,"L83821_L83821-2","7723-14-0","","mg/L","","REG","","SM4500-P-B,F","5/22/2024 11:17","6/10/2024 12:57","L83821-2","","",0.02,"","mg/L","","","","",1,"","",""
